be,4473
copy,10
give,148
re-use,2
include,14
locate,7
have,2072
check,4
use,56
update,1
V.,2
s,87
seldom,1
eclipse,2
predominate,2
felt,24
love,16
balance,3
take,211
observe,44
see,313
place,23
speak,58
save,41
draw,45
’,243
admit,2
adjust,2
introduce,8
throw,63
drift,4
rise,40
find,199
absorb,3
loathe,1
remain,32
bury,6
alternate,1
attract,6
occupy,1
follow,54
clear,29
abandon,4
hear,126
accomplish,3
reign,3
share,5
know,261
return,58
lead,38
pass,53
associate,14
seize,11
employ,7
light,16
look,143
saw,83
pace,10
clasp,2
tell,146
ring,9
show,65
think,228
wave,7
indicate,9
stand,61
”,557
remark,68
put,73
pound,1
answer,66
Just,1
do,524
intend,2
go,247
deduce,17
get,121
“,420
say,603
burn,8
live,37
come,330
change,14
imagine,25
fail,12
work,20
chuckle,8
rub,7
strike,35
score,2
cause,24
scrap,3
round,20
remove,14
crust,1
walk,51
smell,2
secrete,1
help,34
laugh,38
explain,28
appear,54
reason,6
baffle,3
don,23
chronicle,2
lie,27
Read,2
undated,1
call,74
desire,7
consult,11
trust,17
exaggerate,1
receive,28
Be,3
theorise,1
begin,41
twist,5
suit,9
examine,28
write,52
endeavour,16
imitate,1
process,1
buy,13
Hold,1
make,206
ask,129
sparkle,2
send,34
Do,34
note,6
received.,1
discover,15
want,43
wear,21
mistake,7
resolve,3
whistle,3
continue,22
glance,45
lose,39
promise,17
miss,25
pause,4
enter,41
slash,1
line,4
secure,10
consist,2
extend,6
trim,1
complete,4
suggest,18
carry,45
raise,27
hang,18
push,18
call.,1
address,9
Whom,1
prefer,7
communicate,5
catch,27
shrug,8
bind,7
absolute,1
excuse,10
wish,50
quench,1
grow,18
compromise,4
implicate,5
murmur,6
settle,19
close,30
lounge,8
depict,1
reopen,1
condescend,2
advise,7
tear,14
hurl,5
cry,67
attempt,5
conceal,8
understand,46
sit,81
accustom,4
confide,4
shut,7
open,58
adopt,2
docket,1
paragraph,1
concern,11
sandwich,2
Let,18
donna,1
Retired,1
Living,1
become,48
produce,8
prove,16
commit,8
thirty,2
recover,12
try,27
pay,34
sell,10
ransack,2
divert,1
travel,10
waylay,1
propose,3
ruin,3
marry,30
bring,76
Threatens,1
go—none,1
proclaim,1
drop,23
let,49
progress,1
_carte,1
hundred,3
scribble,2
hand,8
Is,17
Was,8
add,8
roll,7
like,20
chat,3
inform,6
leave,120
await,3
surround,4
record,2
study,4
disentangle,1
cease,12
amaze,1
vanish,15
emerge,9
Putting,1
stretch,13
choke,4
oblige,7
guess,7
end,10
suppose,18
watch,14
build,4
furnish,7
reach,29
expect,22
run,54
lend,1
compel,6
turn,86
sing,1
See,6
drive,40
home,2
listen,24
sound,9
repeat,5
transfer,2
keep,49
depend,9
widen,2
fear,21
bore,6
shout,9
wait,56
brush,3
talk,24
step,16
pull,22
wonder,13
stick,4
hadn,3
shoot,12
die,23
‘,81
perch,3
jump,6
object,2
twelve,2
arrive,18
hurry,26
seem,113
expostulate,1
face,9
towards,3
Come,5
win,18
half-dragged,1
mumble,3
whisper,16
vouch,1
assist,5
tie,7
thank,8
beam,1
start,34
refuse,13
sally,1
menace,1
separate,3
delight,2
break,42
rely,3
provide,19
discuss,5
eat,6
meet,61
arrange,6
occur,30
insist,4
interfere,4
join,5
convey,6
station,1
fit,8
confine,7
rejoin,1
hope,18
prepare,6
play,14
disappear,10
equal,1
vary,2
assume,4
picture,1
animate,2
dress,22
smoke,7
flirt,1
fro,3
simplify,2
search,8
incline,4
bear,14
remember,30
lay,74
burgle,2
rattle,7
loaf,1
dash,10
earn,10
elbow,1
rush,42
increase,6
struggle,5
protect,9
crowd,4
attend,3
outline,2
Bring,1
ashamed,4
conspire,1
Holmes,3
intrust,2
harden,4
injure,5
prevent,11
toss,7
maids—joined,1
curl,8
assure,12
Slipping,1
rejoice,1
engage,16
fell,18
clap,4
fathom,2
suspect,6
determine,18
motion,1
value,1
overpower,2
shake,29
respond,4
half,2
replace,5
escape,9
hesitate,5
finish,10
care,9
regain,3
mean,26
wire,4
stop,15
star,13
sleep,15
grasp,7
descend,6
Married,1
name,6
spare,6
relapse,2
believe,35
question,11
startle,7
stagger,7
see.,1
scatter,4
plunge,3
even,10
superscribe,1
read,40
date,4
precede,3
betray,3
warn,4
reveal,6
train,4
depart,2
pursue,4
rest,11
wrong,2
safeguard,1
preserve,8
dear,4
yours,1
Pray,5
reward,3
slip,16
hold,37
bow,11
set,45
threaten,9
affect,4
beat,12
refer,10
withdraw,3
prompt,2
embellish,2
present,11
doubt,6
none,1
pile,2
acknowledge,1
connect,7
recommence,1
guide,3
force,10
puff,5
wrinkle,2
flatten,3
gain,15
slow,1
unbutton,1
dangle,3
notice,8
develop,3
forget,10
tattoo,1
contribute,1
stain,5
suffer,6
shipwreck,1
plant,1
entitle,1
ejaculate,4
wriggle,1
first,1
mop,1
learn,22
better,1
fortunate,2
Snapping,1
improve,3
dive,2
presume,10
didn,13
Have,19
prick,1
apply,7
found,6
Spaulding,3
order,10
tramp,1
were—straw,1
butt,1
right,3
deject,1
wedge,1
refresh,1
manage,14
disqualify,1
Getting,1
fill,11
recall,8
cock,5
gaze,11
congratulate,5
tug,3
yell,3
release,1
perceive,4
deceive,3
disgust,1
troop,1
lengthen,3
mind,4
forfeit,1
budge,1
avail,1
stay,10
persuade,5
cheer,1
bid,2
compliment,1
lock,21
plank,1
dare,6
risk,2
hop,7
cost,3
hammer,1
survey,1
overtop,1
burst,4
flush,5
flame,1
shove,1
wouldn,6
move,10
King,1
pick,14
short,2
Has,3
pierce,4
sink,10
Nothing,2
complain,4
identify,4
beg,19
thrust,8
nod,6
introspect,1
announce,7
shin,10
pucker,1
thump,1
knock,7
count,2
inquire,5
explore,1
block,3
realise,7
abut,2
quit,1
vex,1
wrap,4
smile,19
conceive,3
assert,2
represent,5
devour,3
unacquainted,1
enwrap,1
hunt,4
complicate,1
oppress,1
happen,29
confuse,1
part,5
arm,2
puzzle,6
recognise,9
button,5
confess,18
agree,9
hum,2
dismiss,1
wind,6
terminate,1
conduct,3
imperilled,1
suffice,1
spring,21
divined—in,1
strengthen,2
borrow,3
unpack,2
pack,4
choose,9
flash,6
crouch,1
experience,1
compare,3
distinguish,4
sigh,1
writhe,6
protrude,6
mark,12
gap,3
stream,3
peep,6
haul,1
rend,1
clutch,5
clink,1
fancy,9
climb,2
fix,13
touch,12
clatter,2
royal,1
repay,3
detect,1
defeat,1
refund,1
unique,1
incite,1
Had,8
account,3
deal,4
cellar—something,1
visit,7
surprise,15
ascertain,5
yourself,1
burrow,1
solve,14
exclaim,3
yawn,1
feel,23
spend,15
c,1
invent,4
fly,11
convince,9
fascinate,1
contain,7
quite,7
Take,2
comment,1
serve,11
intricate,1
Looking,1
red,1
tilt,1
oscillate,1
fidget,1
grieve,1
loom,3
welcome,1
abstract,3
peculiar,2
overlook,1
sir,7
Again,2
bang,2
father—took,1
wasn,3
no,1
mother,2
twopence,1
twenty,1
deny,5
chaff,1
offer,11
typewrite,4
hat,1
retire,7
swell,2
tint,3
t,3
father,1
treat,5
pledge,2
Your,2
foresee,5
advertise,4
allow,17
summon,2
press,9
direct,6
clay,1
lean,12
spin,3
maiden,1
invisible,1
sew,1
hit,3
concentrate,2
define,3
venture,2
decorate,1
glove,1
dip,2
pen,1
amuse,5
Known,1
quote,3
Look,3
institute,2
unravel,3
afraid,2
desert,4
reply,5
insinuate,1
penetrate,3
sidle,1
trouble,4
wash,3
control,3
succeed,8
slur,2
monograph,1
devote,4
purport,1
magnify,2
allude,2
collapse,3
stammer,2
heartless,1
contradict,1
huddle,3
crush,4
enjoy,2
forbid,3
seek,6
disguise,1
cover,12
mask,1
groan,3
flatter,3
express,2
pretend,2
exact,3
deserve,4
profit,1
hint,2
confirm,4
infer,3
point,18
verify,1
Having,10
spot,2
eliminate,1
tally,1
taketh,1
seat,6
Leave,1
good,1
state,5
bias,1
rummage,3
Reading,2
master,1
gather,10
commonplace,1
establish,4
conjecture,3
grant,3
avoid,6
neighbour,2
form,17
spread,2
mention,4
depose,3
wooded,1
frighten,10
quarrel,2
fight,3
excite,3
inflict,2
arrest,10
shift,1
retain,10
digest,1
boast,1
destroy,7
shave,1
satisfy,7
consider,11
Coming,1
damn,1
feign,1
beside,2
bandy,1
accord,2
display,6
stroll,3
ensue,1
Seeing,2
expire,2
kneel,2
decide,2
need,22
prejudice,1
arise,2
utter,4
arouse,3
conclude,3
signal,1
evolve,2
approach,11
lunch,1
fasten,12
hurt,6
Lestrade,2
hide,2
shatter,3
reconsider,3
wander,8
grope,2
Supposing,1
accuse,4
cudgel,1
insight,1
rain,3
keenest,1
fag,1
screen,2
admire,4
charm,4
madden,1
upbraid,1
sheer,1
goad,1
Miss,2
support,2
console,1
murder,1
please,2
foretell,1
despair,1
Does,2
wink,2
tackle,2
measure,4
transform,1
darken,1
shine,2
compress,4
dilate,1
provoke,2
bound,1
situate,2
jut,2
dwell,2
peer,3
fish,1
trace,10
wallow,1
correspond,3
aid,2
unfinished,1
describe,11
undertake,1
perplex,1
preach,1
Light,1
commence,4
narrow,1
limped—he,1
pronounce,1
cut,25
bite,4
usher,3
limp,1
possess,4
grizzle,4
droop,3
combine,2
ting,1
harm,1
require,3
act,13
sign,6
witness,2
matter,1
blast,1
drink,7
attack,3
empty,1
kill,4
spar,2
chance,1
grin,2
brave,4
urge,3
snap,3
seal,2
silence,1
sin,1
atone,1
entangle,1
fetch,1
judge,4
pray,5
expose,3
condemn,1
mine.,1
stumble,1
fate,1
acquit,1
submit,7
defend,2
illustrate,1
tempt,1
decease,2
bed,3
sketch,2
scream,8
shriek,7
sob,3
cross-index,1
blend,1
encourage,1
weigh,4
owe,7
intrude,1
Give,5
cheat,1
favour,3
afterwards,2
enlarge,1
emigrate,1
report,5
sober,1
disturb,6
permit,3
Opening,1
patter,2
fall,19
glare,3
overtake,3
palpitate,2
scrawl,3
ascend,5
belong,5
checkmate,1
upon,1
print,5
ponder,1
cooped,1
brazen,1
glisten,1
abuse,1
wince,1
interpose,1
oppose,3
Put,2
grip,1
argue,1
implore,5
abound,1
weave,2
dispose,1
elapse,3
crumple,1
rave,1
flutter,2
head,2
Set,1
Visited,1
fold,5
punish,1
guard,3
splash,2
elements—blown,1
reabsorb,1
chase,1
attain,3
Problems,1
utilise,1
Botany,1
stock,1
muster,1
Thank,1
token,1
sail,1
bend,7
derive,5
abjure,1
flourish,1
seen—,1
lift,2
ten,2
exhibit,1
cunning,2
decoy,3
Starving,1
long,2
squeeze,1
load,1
Savannah,1
swing,7
carve,1
addict,1
opium,1
drench,2
you.,1
soothe,5
comfort,1
twitch,1
breathe,4
pluck,3
escort,3
speed,1
lurk,1
Ordering,1
terrace,1
dimly,1
glimmer,3
wax,1
wan,1
mutter,5
tail,1
beckon,3
o,1
d,1
stupefy,1
subside,1
recommend,4
shuffle,1
straighten,4
cocaine,1
swear,7
Jump,1
flick,2
balustraded,1
flow,1
belated,1
twinkle,5
£,6
perform,5
branch,1
proceed,4
agitate,2
Convinced,1
steps—for,1
Filled,1
accompany,3
delude,1
Between,1
swim,2
protest,2
reap,1
disfigure,1
compensate,1
faint,7
remedied,1
declare,3
ebb,1
afford,3
uncover,1
recede,1
sweep,4
suck,1
Suppose,1
downstairs,2
accumulate,1
stuff,1
detail,2
whirl,1
lamp,1
hate,1
embarrass,1
galvanise,1
roar,2
snatch,2
smooth,2
coarse,1
stamp,1
dry,2
straight,1
blot,1
rectify,1
Posted,1
gum,1
chew,1
post,8
lighten,2
discourage,1
corroborate,1
leap,1
rearrange,2
collect,2
construct,1
wake,3
stir,4
test,2
kick,1
joke,4
Passing,1
cross,5
wheel,1
salute,1
frog,1
project,1
charge,9
remand,1
please.,1
whitewash,3
colour,2
chin,1
doesn,1
stoop,3
moisten,1
peel,2
seam,1
heavens,1
detain,2
pat,3
endure,1
volunteer,1
supply,4
base,3
paint,1
ply,1
back,3
smear,2
inspire,1
lodge,1
pour,5
entreat,1
weight,1
Knowing,1
prosecute,1
indebted,2
consume,2
crack,3
suspend,1
interrupt,2
jerk,3
warm,1
crackle,1
link,2
it—that,1
jostle,1
dense,1
roast,1
smash,1
shock,2
flee,3
batter,2
restore,2
fulfil,2
discolour,4
foresight,1
disregard,3
anoint,1
rib,1
weaken,2
daub,1
disclose,1
perspire,1
therefore,1
Remember,1
upstairs,1
gutter,1
daze,2
gasp,6
flap,2
scintillate,1
plump,1
induce,2
double,1
solder,1
transpire,2
Catherine,1
recourse,1
Found,1
scar,1
regret,5
_Evening,1
tangle,1
dine,1
delay,1
greet,2
slop,2
shamefaced,1
assault,1
wish—,1
tuck,1
frequent,1
Are,4
Sold,2
shan,1
pester,2
breed,3
handle,2
teach,1
chagrin,1
daresay,2
near,2
reserve,1
should—,1
Turning,1
frame,2
whine,1
Get,2
flit,1
Striding,1
overhear,2
quiver,2
hail,1
file,1
unlock,5
claim,4
disown,1
see—her,1
acquire,2
rifle,1
then—,1
mercy,1
fatten,2
upset,1
steal,4
waddle,1
shed,1
pry,1
Kill,1
yourselves,1
commute,1
gaol,1
tend,3
blink,1
retort,1
then—a,1
veil,3
shiver,2
request,1
spatter,1
defray,1
best,1
encompass,1
drag,5
adapt,1
obtain,7
enable,3
perpetrate,1
bequeath,1
reside,4
exchange,3
overjoy,1
indulge,2
intensify,1
avert,3
encamp,1
accept,9
whiten,1
deprive,2
sear,2
inhabit,2
awaken,3
impend,1
recollect,1
ally,1
howl,1
forth,1
revolve,1
issue,1
blanch,1
sway,2
convulse,2
fain,1
stab,1
hasten,5
Showing,1
investigate,2
bar,3
speckle,1
daylight,1
fringe,1
Will,1
breakfast,4
glide,2
span,1
scoundrel,1
broaden,3
meddle,1
snarl,2
stride,1
confound,1
cripple,1
waste,3
interest,3
hire,1
tap,5
timbered,1
thicken,1
shade,1
warmly,1
cave,1
erect,2
centre,1
Pending,1
scratch,1
bolt,1
bell,1
crawl,2
panel,1
attach,2
ventilate,1
determine.,1
squat,1
rouse,4
clearer,1
command,3
undo,2
purpose,1
Stoke,1
clamp,2
knowledge,1
extinguish,1
Making,1
dart,2
cast,5
creep,1
boom,1
befall,3
heat,1
lash,2
mingle,1
ankles,1
Round,2
rear,1
prolong,1
couple,1
dispel,1
achieve,1
summarise,1
forgo,1
cure,1
linger,1
cage,1
couldn,1
mottle,1
Stop,1
kindly,1
unwind,1
hack,1
bleed,2
brace,2
horrify,2
sponge,1
clean,2
carbolised,1
compose,3
Tell,1
tire,1
bandage,1
apprentice,1
engrave,1
Close,1
sharpen,1
lightning,1
fling,1
mine,2
stare,1
restrain,1
forgive,3
fifty,1
recompense,2
accommodate,1
Eyford,1
excavate,1
dig,2
tenfold,1
obey,2
interject,1
roads,1
lurch,1
jolt,1
hazard,1
flag,1
slam,4
fumble,1
tick,1
wring,2
slink,1
renew,2
behind,1
hollow,1
unconcerned,1
multiply,1
exercise,1
whish,1
design,1
trick,1
leak,1
drown,1
upraise,1
shudder,1
waver,1
myself,1
reject,1
scorn,1
wholesome,1
clamber,1
loosen,1
throb,2
Listen,1
age,1
Left,1
overhaul,1
soften,1
villages,1
box,2
destine,1
steam,1
top,1
spout,1
strive,1
perturb,1
sever,1
subdue,1
reduce,1
store,2
saturate,1
postpone,1
Born,1
inherit,1
dislike,1
_Morning,2
amplify,1
invite,2
float,2
hush,2
allege,1
eject,1
apparelled,1
is—,1
dream,4
culture,1
advance,6
most,2
king,1
supplement,1
invest,1
wed,1
relate,1
exclude,2
celebrate,1
propound,1
immense,1
derange,1
aspire,1
honour,2
attire,1
dissatisfy,2
tumble,1
soak,1
blow,2
slap,1
lure,1
drawl,1
pie,1
disappoint,2
bustle,2
subject,1
blame,3
resist,2
petered,1
prospect,1
Pa,1
rail,1
Should,1
whatever,1
me—seemed,1
again—just,1
pain,1
relax,1
acquiesce,1
stalk,1
narrate,1
undergo,1
repent,1
friend,3
forward,1
woo,1
Draw,1
while,1
shimmer,1
plough,1
waggle,1
resound,1
fatigue,1
tight,1
unseat,1
exalt,1
overwhelm,1
trifle,1
readily,1
imbed,1
doubt—,1
reclaim,1
refrain,1
match,1
entail,1
consent,1
alter,2
spoil,2
fade,1
squander,1
distrust,1
suppress,1
goodness,1
secure—a,1
sure,1
kiss,1
villain,2
thief,1
wrench,1
blackguard,1
dishonour,1
insult,1
probe,3
influence,1
rock,1
drone,1
knit,2
Consider,1
involve,1
impress,4
Disregarding,1
liberate,1
blind,1
Far,1
eyebrows,1
plan,2
Something,1
recoil,1
will.,1
chuck,1
gossip,1
imply,1
pinch,1
Deserted,1
worry,2
suicide,1
hug,1
sake,1
kindle,1
Petrified,1
thrill,1
misjudge,1
trample,1
effect,1
outweigh,1
journey,1
astute,1
held—£,1
exceed,1
apologise,1
figure,1
absolve,1
err,2
repel,1
degrade,1
lecture,1
border,2
degenerate,1
Yours,1
freckle,1
sweat,1
Charming,1
astonish,1
sacrifice,3
exert,1
purchase,1
humour,1
stray,1
clock,1
fleck,1
east,1
exhilarate,1
beget,1
devise,2
little,1
streak,1
curve,1
past,1
colourless,1
forestall,1
sulk,1
Giving,1
detract,1
lower,1
divine,1
loiter,1
disconnect,1
glow,1
silver,1
annoy,1
obtrude,1
tremble,2
Puzzle,1
crinkle,1
shutter,2
rude,1
preoccupy,1
offend,1
padlock,1
barricade,1
secret,1
unreasoning,1
pant,1
coax,1
overdo,1
known—,1
facilitate,1
imprison,1
resemble,1
bode,1
burnish,1
snore,1
cloud,1
confront,1
thieve,1
loose,1
feed,1
famish,1
Running,1
mangle,1
dispatch,1
relieve,1
assemble,1
ha,1
slight,1
blockade,1
_locus,1
survive,2
manifest,1
Updated,1
rename,1
Creating,1
own,2
distribute,14
comply,8
modify,1
PLEASE,1
promote,2
abide,1
unprotected,1
create,5
access,1
view,2
redistribute,1
impose,1
unlink,1
detach,1
convert,1
export,1
specify,2
calculate,2
donate,2
notify,1
Contact,1
expend,1
corrupt,1
damage,1
AGREE,2
HAVE,1
BE,1
elect,1
demand,1
violate,1
interpret,1
void,1
indemnify,1
ensure,1
organize,1
license,1
maintain,1
regulate,1
solicit,2
SEND,1
swamp,1
eBooks,1
